{
  "bm25": {
    "context_precision": 0.1887005992765618,
    "context_recall": 0.465
  },
  "dense": {
    "context_precision": 0.300675456547109,
    "context_recall": 0.47
  },
  "hybrid_rrf": {
    "context_precision": 0.258884220347406,
    "context_recall": 0.34615384615384615
  },
  "hybrid_hyde": {
    "context_precision": 0.15956966489385846,
    "context_recall": 0.39325842696629215
  },
  "hybrid_hyde_rerank": {
    "context_precision": 0.3785326993444468,
    "context_recall": 0.5102040816326531
  },
  "agentic": {
    "context_precision": 0.06666666666,
    "context_recall": 0.14285714285714285
  }
}